{
  "pipeline": {
    "batch_size": 276869,
    "pd_mean": 0.21308899935601605,
    "pd_auc": 0.6990158423364895,
    "interval_width_mean": 0.7527398291749821,
    "stages": {
      "S1": 81260,
      "S2": 133358,
      "S3": 62251
    },
    "ecl_expected": 797947859.741125,
    "ecl_conservative": 1379834858.1941552,
    "ecl_range": 581886998.4530302,
    "robust_return": 1.3844841083018962e-07,
    "robust_funded": 0,
    "nonrobust_return": 77346.29891605514,
    "nonrobust_funded": 0,
    "price_of_robustness": 77346.29891591669,
    "pipeline_time_s": 274.79
  },
  "pd_model": {
    "final_auc": 0.6990158423364895,
    "final_gini": 0.398031684672979,
    "final_brier": 0.15721217085708036,
    "final_ece": 0.013000949058385959,
    "calibration_method": "Platt Sigmoid"
  },
  "conformal": {
    "coverage_90": 0.9021053277903991,
    "coverage_95": 0.9488819622276239,
    "overall_pass": false,
    "n_checks_passed": 6
  },
  "survival": {
    "cox_concordance": 0.40700756352056106,
    "rsf_concordance": 0.6295373344336458
  },
  "dataset": {
    "n_loans": 50580,
    "n_events": 9771,
    "event_rate": 0.1931791221826809
  }
}