{
  "pipeline": {
    "batch_size": 276869,
    "pd_mean": 0.21308899935601605,
    "pd_auc": 0.6990158423364895,
    "interval_width_mean": 0.7459297382063242,
    "stages": {
      "S1": 81260,
      "S2": 133358,
      "S3": 62251
    },
    "ecl_expected": 1010417398.085331,
    "ecl_conservative": 1850841854.7033587,
    "ecl_range": 840424456.6180277,
    "robust_return": 2279.6133498500258,
    "robust_funded": 9,
    "nonrobust_return": 77346.29891605514,
    "nonrobust_funded": 150,
    "price_of_robustness": 75066.68556620511,
    "pipeline_time_s": 274.79
  },
  "pd_model": {
    "final_auc": 0.6990158423364895,
    "final_gini": 0.398031684672979,
    "final_brier": 0.15721217085708036,
    "final_ece": 0.013000949058385959,
    "calibration_method": "Platt Sigmoid"
  },
  "conformal": {
    "coverage_90": 0.8887235479595044,
    "coverage_95": 0.9479573372244635,
    "overall_pass": false,
    "n_checks_passed": 1
  },
  "survival": {
    "cox_concordance": 0.6657339756314801,
    "rsf_concordance": 0.6504937378540977
  },
  "dataset": {
    "n_loans": 50580,
    "n_events": 9771,
    "event_rate": 0.1931791221826809
  }
}