{
  "pipeline": {
    "batch_size": 276869,
    "pd_mean": 0.2131711365801693,
    "pd_auc": 0.7171838117742488,
    "interval_width_mean": 0.7419775501652246,
    "stages": {
      "S1": 96401,
      "S2": 118217,
      "S3": 62251
    },
    "ecl_expected": 967995472.4972175,
    "ecl_conservative": 1779233609.398992,
    "ecl_range": 811238136.9017745,
    "robust_return": 70050.3269791436,
    "robust_funded": 129,
    "nonrobust_return": 123451.85718303913,
    "nonrobust_funded": 203,
    "price_of_robustness": 53401.53020389553,
    "pipeline_time_s": 274.79
  },
  "pd_model": {
    "final_auc": 0.7171838117742488,
    "final_gini": 0.43436762354849767,
    "final_brier": 0.15384696766361577,
    "final_ece": 0.009396122353834845,
    "calibration_method": "Isotonic Regression"
  },
  "conformal": {
    "coverage_90": 0.9141326764643207,
    "coverage_95": 0.952038689777476,
    "overall_pass": true,
    "n_checks_passed": 7
  },
  "survival": {
    "cox_concordance": 0.6657339756314801,
    "rsf_concordance": 0.6504937378540977
  },
  "dataset": {
    "n_loans": 50580,
    "n_events": 9771,
    "event_rate": 0.1931791221826809
  }
}