{
  "overall_pass": false,
  "checks_passed": 1,
  "checks_total": 7,
  "coverage_90": 0.8887235479595044,
  "coverage_95": 0.9479573372244635,
  "avg_width_90": 0.7459297382063242,
  "min_group_coverage_90": 0.8522167487684729,
  "critical_alerts": 2,
  "warning_alerts": 12,
  "total_alerts": 14,
  "latest_backtest_month": "2020-09-01 00:00:00",
  "policy_config": "configs/conformal_policy.yaml"
}